<application>
  <component name="com.intellij.ide.ui.customization.CustomActionsSchema">
    <group value="EditMenu" is_group="true" forse_popup="false" action_type="-1" position="1">
      <path value="root" />
      <path value="Main Menu" />
    </group>
    <group value="EditorActions" is_group="true" forse_popup="true" action_type="1" position="3">
      <path value="root" />
      <path value="Main Toolbar" />
    </group>
    <action id="EditorActions" icon="jar:file:/C:/Program%20Files/JetBrains/IntelliJ%20IDEA%20Community%20Edition%202024.2.3/lib/app-client.jar!/expui/toolbar/unknown.svg" />
  </component>
</application>