<application>
  <component name="Trusted.Paths">
    <option name="TRUSTED_PROJECT_PATHS">
      <map>
        <entry key="G:\Projects\CredissimoAutoLab" value="true" />
        <entry key="G:\Projects\CredissimoAutomationTestLab" value="true" />
        <entry key="G:\Projects\PROJECTS\AutomationTestLab-master" value="true" />
      </map>
    </option>
  </component>
  <component name="Trusted.Paths.Settings">
    <option name="TRUSTED_PATHS">
      <list>
        <option value="G:\Projects" />
      </list>
    </option>
  </component>
</application>