<application>
  <component name="DimensionService">
    <location key="find.popup.0.0.1920.1200" x="630" y="135" />
    <size key="GridCell.Tab.0.left.0.0.1920.1200" width="1802" height="339" />
    <size key="GridCell.Tab.0.center.0.0.1920.1200" width="1802" height="339" />
    <size key="GridCell.Tab.0.right.0.0.1920.1200" width="1802" height="339" />
    <size key="GridCell.Tab.0.bottom.0.0.1920.1200" width="1802" height="339" />
    <size key="find.popup.0.0.1920.1200" width="779" height="1008" />
  </component>
  <component name="WindowManager">
    <frame x="260" y="80" width="1400" height="1000" extendedState="6" />
  </component>
  <component name="WindowStateApplicationService">
    <state x="740" y="242" key="FileChooserDialogImpl" timestamp="1731355683384">
      <screen x="0" y="0" width="1920" height="1160" />
    </state>
    <state x="740" y="242" key="FileChooserDialogImpl/-1920.0.1536.832/0.0.1920.1160" timestamp="1731355683384" />
    <state width="657" height="187" key="ShowUsagesActions.dimensionServiceKey" timestamp="1731356177703">
      <screen x="0" y="0" width="1920" height="1160" />
    </state>
    <state width="657" height="187" key="ShowUsagesActions.dimensionServiceKey/-1920.0.1536.832/0.0.1920.1160" timestamp="1731356177703" />
    <state x="960" y="495" width="800" height="650" key="WELCOME_SCREEN" timestamp="1731355619978">
      <screen x="0" y="0" width="1920" height="1160" />
    </state>
    <state x="960" y="495" width="800" height="650" key="WELCOME_SCREEN/-1920.0.1536.832/0.0.1920.1160" timestamp="1731355619978" />
  </component>
</application>